name,merchant_abn,600
Pede Nonummy Corp.,64203420245,179799
Non Vestibulum Industries,49891706470,170731
Lacus Consulting,45629217853,157454
Est Nunc Consulting,89726005175,148876
Ipsum Dolor Sit Corporation,80324045558,135879
Nullam Consulting,72472909171,70392
Dictum Phasellus In Institute,94493496784,68519
Phasellus At Company,79417999332,68392
Ultricies Dignissim LLP,60956456424,62663
Orci In Consequat Corporation,32361057556,59130
Euismod Urna Institute,91923722701,53973
Suspendisse Ac Associates,49505931725,47197
Dui Nec Corporation,19933438190,46797
Rhoncus Donec Associates,96152467973,46685
Porttitor Tellus Corporation,57900494384,46053
Eget Metus In Corporation,17324645993,44872
Nascetur Ridiculus PC,82065156333,44535
Semper Tellus PC,20985347699,43090
Eros Limited,47086412084,37583
Faucibus Leo Ltd,81219314324,34735
Et PC,75944642726,30739
Ac Eleifend Corp.,75034515922,26789
Vitae Odio Limited,63465140133,25160
Tempor Diam Dictum Company,54550134954,24910
Id Erat Etiam Consulting,83690644458,24679
Morbi Accumsan Industries,19618998054,21098
Praesent Eu Associates,14492521225,21065
Amet Diam Corporation,71961434094,20276
Morbi Accumsan Laoreet Industries,15560455575,20072
Quis Tristique Ac Associates,73972053940,19705
Nunc Ut Inc.,67794222692,19280
Lorem Foundation,21025433654,18844
Semper Cursus Integer Limited,35556933338,18703
Varius Orci Institute,70038202360,18230
Sem LLC,91873181182,18020
Nunc In Industries,37687523474,17327
Lobortis Augue Industries,98314397036,16989
Vestibulum Accumsan Neque Ltd,74046727484,16177
Elit Pellentesque PC,90087872851,15732
Purus Gravida Sagittis Inc.,13285958344,15209
Gravida Non PC,52065114842,14498
Malesuada Vel Convallis Consulting,32560075533,14371
Hendrerit Corporation,66079287213,14368
Nonummy Ipsum Non LLC,71094934182,13721
Turpis In Incorporated,61845622676,13509
Egestas Nunc Associates,11121775571,13430
Dolor Dapibus Gravida Associates,31585975447,13373
Adipiscing Enim LLC,89502033586,13264
Porttitor Vulputate Limited,75089928159,13196
Nibh Donec Incorporated,40555823280,12682
Magnis Foundation,89640578182,12565
Tempus Scelerisque Lorem Incorporated,15061716544,12447
Pellentesque Habitant Morbi Corp.,40279146273,11806
Mauris Consulting,87639550697,11611
Lacus PC,35016722348,11599
Mollis Dui In LLP,61447419161,11572
Malesuada LLP,13565102775,11514
Cum Sociis Natoque Incorporated,50866797623,11482
Mollis Integer Company,90599617648,11458
Egestas Blandit Ltd,76819856970,11383
Parturient Institute,15069598461,11314
Lorem Ipsum Foundation,82076270246,11095
Elit Aliquam PC,70610974780,11022
Justo Eu Incorporated,70172340121,10970
Et Malesuada Fames Limited,30214222203,10805
Faucibus Corporation,35014882568,10671
Non Limited,63952221889,10599
Pharetra Nibh Aliquam PC,87667432396,10591
Enim Etiam Gravida PC,32656335530,10519
Nisl Arcu Incorporated,52342208808,10491
Sit Amet Risus Foundation,66667026714,10424
Vulputate Velit Eu Limited,89518629617,9981
Posuere Cubilia Curae LLC,86772484982,9917
Lacus Varius Et Consulting,63300242141,9681
Praesent Eu LLP,21807339153,9672
Nisi Limited,15269431008,9605
Mauris Associates,52160665475,9581
Vestibulum Ut Eros Corporation,12870663624,9376
Adipiscing Lobortis Risus Corporation,89107518982,9351
Orci Ltd,71041015148,9341
Velit Aliquam Corporation,96161808980,9319
Malesuada Malesuada Integer Inc.,92990617267,9115
Lorem Luctus Incorporated,31637210281,9016
Mollis Lectus Industries,29023134283,8945
Aenean Massa Industries,19854089605,8912
A Ltd,61991570212,8867
Dapibus Id Incorporated,44594244784,8572
Elementum At LLP,28681229636,8506
A Ultricies Institute,57471217202,8502
Aliquet Company,65674339048,8404
At Lacus Quisque Institute,96880556465,8331
Quam Quis Diam Foundation,12173100693,8248
Convallis Erat Incorporated,73343245974,8209
Molestie Dapibus Ligula Company,81333423763,8171
Cursus In Foundation,66567150019,8149
In Ornare Industries,32605756719,8138
Lacinia At Institute,40507108040,8102
Non Magna Nam PC,16570599421,8094
Hendrerit Foundation,32530636640,8017
Lobortis Industries,30389290864,7948
In Magna Incorporated,66626020312,7839
Placerat Cras Incorporated,13118172970,7741
Egestas Rhoncus Proin Inc.,61481587663,7733
Nisi Foundation,28230498046,7692
Aliquam Gravida Mauris Company,50075408315,7674
Ornare Libero At Institute,92343252737,7651
Volutpat Ltd,38638753805,7625
Tincidunt Dui Corp.,11944993446,7623
Velit Dui Inc.,75559137486,7460
Interdum Ligula Eu Corp.,98722839745,7452
Diam Eu Dolor LLC,90568944804,7382
Vestibulum Accumsan Corp.,42500153308,7246
Interdum Ltd,40307304965,7245
Sed Facilisis Corp.,83177825742,7241
Suspendisse Aliquet LLC,22206721435,7233
Vitae Aliquet Associates,46352584904,7212
Vitae PC,16286338734,7139
Felis Nulla PC,92265887651,6966
Egestas Company,75244502629,6964
Luctus Et Incorporated,49549583265,6942
Auctor Limited,24715277505,6898
Nulla LLP,57824995706,6878
Tincidunt Adipiscing Corp.,19054547079,6790
Consectetuer Adipiscing Elit LLC,64974914166,6771
Fusce Company,10206519221,6713
Cras Lorem Institute,38736067045,6651
Vestibulum Limited,29362189014,6432
Dolor Associates,82027679475,6279
Mauris Eu PC,30623214058,6174
Mi Felis Adipiscing LLC,57289898526,5817
Mus Proin LLP,70033549200,5571
Purus Mauris Associates,34726792617,5478
Ac Ipsum LLC,80551528183,5382
Augue Malesuada LLP,49278214714,5304
Cras Sed Leo Corp.,96244711717,5281
Sociis Natoque Incorporated,44160392990,5137
Lectus Sit Inc.,38591231051,5122
Eu Dui Cum Ltd,95279812400,4972
Etiam Bibendum Industries,38700038932,4874
Lobortis Ultrices Ltd,63728747020,4844
Erat Volutpat Nulla PC,20527255332,4764
At Pretium PC,53003062892,4755
Vel Pede Blandit Corporation,31736633670,4669
Tincidunt Pede Company,11285988014,4634
Eget Industries,87630626808,4606
Varius Nam Porttitor Consulting,51357574333,4542
Dis Parturient Corporation,13093581573,4505
Eleifend Non Inc.,54705111450,4468
Adipiscing Lobortis Institute,48701447259,4433
Pellentesque A LLP,18645942609,4395
Aliquet Diam Sed Limited,52242018594,4394
Penatibus Et Industries,32623092639,4378
Augue Sed Inc.,29633331621,4336
Est Ac Institute,78042516048,4270
Enim Ltd,27504885147,4253
Vestibulum LLP,73114530701,4189
Nascetur Ridiculus LLC,15253672771,4170
Metus Facilisis Associates,55430629945,4167
Vivamus Nisi Mauris Corp.,39869100896,4133
Tempus Non Lacinia Corporation,75454398468,4132
Nunc Interdum Corporation,29156207537,4111
Dictum Eu Ltd,99904689266,3999
Dui Foundation,33437657911,3884
Eu Odio Phasellus Corp.,15582655078,3713
Volutpat Nunc Sit Institute,62170730910,3647
Urna Convallis Foundation,17523010120,3637
Etiam Bibendum Fermentum Institute,48248269920,3635
Dignissim Lacus Corporation,62285108846,3539
Et LLP,88435572170,3501
Mauris Blandit Consulting,85490345732,3282
Neque Company,26599529197,3164
Sed Neque Associates,85529538986,2937
Tristique Senectus Ltd,80785565526,2828
Placerat Orci Associates,82081024598,2784
Hendrerit Consectetuer LLP,25467145329,2744
Auctor LLC,32749065279,2743
Auctor Nunc Consulting,55778594682,2718
Sodales Corporation,96146457679,2715
Massa Rutrum Industries,18709053174,2711
Neque Institute,28748147493,2703
Morbi Limited,62403837535,2664
Ipsum Cursus Vestibulum PC,95274025676,2648
Eget Venenatis Incorporated,89933762267,2592
Dapibus Id Inc.,79070278461,2584
Velit Quisque Industries,15625166573,2561
Erat Neque Inc.,70920423684,2529
Neque Sed PC,13830448327,2493
Iaculis Aliquet Institute,16388802220,2463
Est Ac LLC,62464569593,2452
Vestibulum Lorem Sit Limited,85765359302,2389
Nulla Eu Neque Limited,30385986557,2382
Pretium Neque Inc.,77013874702,2369
Quam Dignissim Pharetra Foundation,48854820141,2343
Eu Nulla Inc.,22840936261,2324
Odio A Industries,96554417129,2321
Ridiculus Mus Aenean LLP,54429225092,2292
Lorem PC,90984790127,2279
Integer In Magna Corporation,96111981432,2269
Pharetra Sed LLC,58688453868,2201
Dictum Eu Inc.,48534842833,2190
Curabitur Dictum Phasellus LLC,75393511037,2159
Pretium Neque Morbi Ltd,86591172660,2159
Dolor Nulla Ltd,59067200778,2097
Malesuada Ut Incorporated,74690260858,2081
Felis Institute,49167531725,2074
Egestas Sed Inc.,34082818630,2040
Sit Amet Foundation,66257020651,1956
Nunc Ullamcorper Corp.,72724420494,1908
Dignissim Magna A LLC,57083783235,1862
Non Lorem LLC,92308095254,1861
Mauris Morbi Associates,34095207240,1851
Rhoncus Id Company,35367341543,1816
Convallis Institute,85528480784,1799
In Lobortis Company,12014115545,1772
Mauris Sit Amet Consulting,95488505807,1745
Suspendisse Ac Company,33337260688,1642
Interdum LLC,66118124566,1624
Fusce Aliquam Consulting,41827752591,1619
Aliquam Nisl Corporation,55325186693,1614
Nec Enim Institute,41216931608,1573
Convallis Inc.,37243721612,1557
Nec Metus LLP,64040663159,1508
Eget Dictum Placerat Ltd,64384611134,1507
Lacus Mauris Corp.,92075595936,1485
Quisque Associates,69123307057,1473
Odio A Purus Associates,37228343237,1454
At Auctor LLC,80136098531,1449
Tellus Phasellus Industries,62607401721,1446
Purus Ac Incorporated,14443753481,1415
Ut Ipsum Ltd,69327757904,1412
Fringilla Industries,81861692234,1401
Egestas Duis LLP,73804469952,1398
Duis Risus Corporation,46331355995,1397
Nam Porttitor Inc.,97211373669,1379
Egestas Foundation,78963299452,1331
Malesuada Fringilla Est Institute,58154486337,1295
Lorem Eu Corp.,66432686430,1295
Sed Molestie Foundation,91847992723,1291
Amet Inc.,38603393734,1282
Ut Incorporated,76519958668,1256
Odio Ltd,68103126714,1249
Tincidunt Pede Ac Associates,86406618443,1245
Odio Corporation,34744764368,1222
Ac Metus Corporation,24769745549,1183
Per Conubia Nostra Ltd,23925773818,1170
Duis Elementum Corp.,16765088338,1169
Etiam Imperdiet Dictum LLC,38598071783,1163
Amet Industries,20445424481,1158
Dolor Sit Company,56341925306,1132
Nonummy Ultricies Ltd,95499028329,1114
Ut Consulting,10462560289,1112
Vitae Aliquam Incorporated,11700214701,1107
Scelerisque Scelerisque Ltd,11215815177,1095
Suspendisse Eleifend Cras Foundation,90612658132,1095
Felis Orci Company,28068880408,1094
Et Eros Proin Consulting,76351454594,1083
Sem Foundation,59737558413,1082
Tellus Lorem Incorporated,35318110910,1063
Aliquet Phasellus Fermentum Associates,55179323922,1054
Ultrices Posuere Cubilia Foundation,47721432444,1023
Nullam Limited,67425187185,1019
Nec Urna Corporation,50050487900,1015
At Auctor Ullamcorper Incorporated,21702179125,1010
Enim PC,58825561585,991
Venenatis Lacus Etiam Corporation,67212086728,982
Tortor Nunc Foundation,84391677958,981
A Magna Lorem Ltd,92836597532,970
In At Pede LLC,16218917521,967
Morbi Tristique Senectus Foundation,45648966421,967
Justo Praesent Luctus Inc.,93726438981,958
A Ultricies Foundation,34984654037,941
Ante Nunc Consulting,81776569986,937
Rhoncus Id PC,87811059143,918
Convallis Ante Lectus Ltd,72397853535,916
Euismod Est Associates,14336275166,914
Nunc Ac Incorporated,99053443481,912
Ultrices A LLP,21291463935,912
Nam Associates,10945019164,912
Aliquam Incorporated,68319415555,910
Per Inceptos Company,10901349044,889
Turpis Nulla Incorporated,55446764764,888
Integer Sem Corporation,80132164373,885
Urna Nullam Lobortis Institute,88475230162,883
Egestas A Scelerisque LLC,84160298882,875
Sit LLP,48625977738,862
Sed Institute,40575200651,860
Semper Institute,33388024878,847
Eget Lacus Limited,94378706737,844
Aenean Massa Corporation,82417485604,841
Risus In Mi Corporation,73130631030,826
Donec Fringilla Associates,59329605791,823
Semper Incorporated,17663034743,823
Proin Inc.,51401317633,810
Enim Etiam PC,17124978176,799
Urna Nec Institute,95560742626,794
At Augue Inc.,41188281214,790
Suscipit Incorporated,23931302979,772
Pede Nec Incorporated,13136513766,771
A Facilisis Limited,96323146873,767
Nullam Enim Sed Incorporated,78080443264,766
Aliquam Auctor Velit LLP,75204058478,763
Blandit Nam LLC,49811126264,759
Lectus Company,71274812967,757
Quis Diam Company,70217388552,744
Nunc Laoreet Lectus Industries,73836969394,738
Donec Nibh Enim Foundation,47276015798,736
Sem Ut Inc.,26895812037,723
Sed Nunc Limited,25219450983,720
Nam Ltd,58389062507,718
Ligula Associates,45337626814,716
Quis Turpis Corp.,33226000026,713
Nunc Mauris LLC,63360290524,691
Placerat Eget Institute,48294754935,684
Ut LLP,31905921746,673
Lacinia At LLP,73841664453,665
Ante Ipsum Primis Inc.,47313663897,663
Sed Sem Egestas Institute,13376463476,663
Tincidunt Nibh Incorporated,80893432676,661
Tristique Pellentesque Tellus Ltd,82843556649,656
Iaculis Lacus Ltd,53035587173,651
At Augue PC,72652670028,650
In Company,93631003539,636
Interdum Curabitur Company,81572403264,636
Adipiscing Ligula Foundation,23046605325,633
Duis Ac Foundation,24092849628,629
Donec Tempus Foundation,88717811993,628
Convallis Erat LLC,71910092040,625
Montes Limited,90477374366,615
Pharetra Nam Ac Limited,25027599663,613
Lectus Ante Corporation,85363843407,594
Pede Praesent Ltd,43698901053,578
Sed Est Nunc Foundation,82998885148,577
Augue Ut LLP,22147354496,572
Sed Malesuada Ltd,51149146502,570
Purus Accumsan Ltd,77153404511,569
Bibendum Sed Est Foundation,14420598156,567
Facilisis Vitae LLC,93349773784,563
Molestie Pharetra Inc.,92899421466,555
Odio LLC,99100250331,547
Pede Cras Industries,35195862809,541
Ac Corporation,87178039859,541
Interdum PC,52838486584,539
Ipsum Nunc Foundation,37023533442,537
Posuere At Velit Incorporated,62787106107,534
Ut Nulla Ltd,23600565711,534
Dolor Vitae Industries,44387175188,533
Lectus Justo Ltd,18064155652,527
Aliquet Molestie Corp.,66759753333,509
Nec Urna Foundation,91338194166,502
Fames Ac Turpis Ltd,24830778398,501
Amet Nulla Ltd,23541969839,501
Dui Nec Tempus Inc.,67698554653,494
Porttitor Interdum Associates,51291561948,491
Enim Diam Vel Foundation,46389689213,486
Quam A Company,17465489150,482
Lorem Ipsum LLP,25867961009,478
Dictum Magna Inc.,38721857169,470
Urna Ut Tincidunt Inc.,39542524740,470
Sollicitudin A Industries,62818707868,469
Hendrerit Donec Limited,57079678065,467
Id Limited,29859203033,462
Mauris Non PC,87211363921,443
Nunc Sed Institute,32772607667,441
Nulla Vulputate Inc.,40490618895,441
Dolor Sit LLP,80556041042,440
Orci In Consequat Associates,39220770748,433
Nisl Maecenas Malesuada Corporation,53778690950,424
Eu Euismod Industries,36861014911,422
Leo In Incorporated,13272374672,418
Nulla Donec Ltd,55670302206,415
Nulla Integer Limited,78774961599,413
At Pretium Limited,73205504863,409
Sit Amet Limited,45785438987,396
Aliquet Magna A LLP,49418428210,392
Turpis Vitae Ltd,79925938654,382
Duis Gravida PC,65731681830,379
Cras Vehicula Aliquet Consulting,63453073175,378
Mollis Duis Sit Corporation,66858208767,375
Quisque Porttitor Associates,86416078719,373
Mi Eleifend Egestas LLP,85482742429,370
Dignissim Lacus Corp.,19257772092,366
Augue Eu Tempor Limited,75975626029,366
In Scelerisque Company,47740919232,361
Semper Limited,58776930712,355
Nunc Ullamcorper Associates,91374143276,355
Vitae Aliquet Foundation,27094414625,353
Scelerisque Mollis Consulting,80421506936,353
Eu Dui Cum Inc.,81299585288,352
Luctus Sit Corporation,12395011633,351
Nullam Inc.,82852293268,350
Amet Lorem Consulting,63830011067,349
Ante Ipsum Primis Ltd,67696830978,349
Posuere Cubilia Incorporated,75242363611,343
Nunc Ullamcorper Velit Limited,29748559436,341
In Industries,20036872831,339
Nam Porttitor Scelerisque LLC,81454203401,330
Vivamus Molestie Corporation,71305424518,321
Ante Maecenas Mi Incorporated,11766327188,320
Ac Turpis Inc.,51221851716,319
Non Cursus Foundation,52536215795,317
Non Enim Corp.,99115883676,316
Non Egestas Incorporated,79301733106,315
Fermentum Convallis Ligula Foundation,84507210939,313
Lacinia At Foundation,38664088375,311
Gravida LLC,38363946876,307
Sed Molestie Sed Institute,11981237946,306
Metus In Industries,91134280199,306
Ligula Elit Corp.,29317230624,306
Ultrices Limited,14878918457,306
Malesuada Vel Venenatis Foundation,60821630269,305
Metus Vitae Velit LLP,10930486968,303
Lectus Ante Corp.,56680601741,299
Auctor Foundation,31969118588,298
Fermentum Risus Foundation,10702078694,295
In Ornare Corporation,75022145904,294
Lacus Nulla Foundation,96911331900,293
Vivamus Non Lorem LLP,73252278568,283
Porttitor Eros Nec Ltd,31092671220,282
Non Ante Inc.,99217762645,278
Mollis Nec Cursus Corp.,45281821904,277
Vivamus Nibh Corp.,91404276865,275
Turpis Company,95402237897,266
Cras Company,74959038046,264
Ullamcorper Viverra Incorporated,57680172958,259
Enim Mi LLC,97353800246,259
Mauris Integer Corp.,44779505142,257
Erat LLC,76655671119,256
Non Feugiat Incorporated,10995883576,255
Magna Phasellus Dolor Institute,51080350356,253
Aenean Sed Corporation,28803237812,251
Erat Nonummy Ultricies Incorporated,42822345560,248
Velit Corp.,12219088747,247
Dignissim Tempor Arcu Ltd,15073534664,244
Proin Eget Odio Institute,30299051123,243
Odio A Ltd,21782713770,240
Sed Foundation,88771102187,239
Sociis Natoque Limited,45105237896,239
Ridiculus Mus PC,79446222046,236
Parturient Montes Nascetur Limited,63523606379,236
Convallis Foundation,26551094436,233
Elementum Purus Accumsan Inc.,80213126311,231
Arcu Curabitur Limited,15093767253,230
Lorem Limited,85414931149,226
Sem Limited,53442247174,220
Lacinia Orci Associates,59358011432,217
Orci Sem Eget Foundation,55948741668,216
Vehicula Pellentesque Limited,26925196872,210
Feugiat Tellus Lorem Ltd,22812667768,210
Ullamcorper Duis Cursus Institute,47420343703,207
Dapibus Ligula Institute,83314865468,204
Arcu Imperdiet LLP,64859340118,203
Ac Turpis Egestas Corp.,18440845368,197
Amet Orci Industries,12927607277,195
Euismod Est Ltd,57082085511,191
Commodo Tincidunt Corp.,88987269041,190
Mauris Non Dui PC,32610248934,183
Duis Elementum Industries,78037042040,182
Vulputate Company,45578529693,181
Tellus Id Limited,88202878932,176
Ut Erat PC,42105964394,175
Ipsum Leo Industries,82843310256,174
Semper Pretium LLC,92680456497,170
Libero Integer PC,90967287254,167
Et Magnis Dis Corporation,16199101110,162
In Tincidunt Congue LLP,21817899740,161
Euismod Ac Corporation,15577036924,161
Ornare Facilisis Eget Foundation,27470466523,158
Ante Dictum Associates,58317155743,155
Turpis Non Associates,75079342466,152
Nulla Inc.,66610548417,152
Lacus Nulla Tincidunt Incorporated,50457372084,151
Interdum Curabitur Limited,41697741069,145
Nisl Arcu Iaculis Foundation,48770246749,145
Tortor Nibh Industries,27674806739,143
At Risus Nunc Foundation,22644977942,143
Pede Suspendisse Dui Incorporated,79707467977,142
Vel Nisl Incorporated,32897338221,140
Non Luctus Sit Incorporated,96458464738,138
Amet Nulla Incorporated,68977708301,136
Lacus Quisque Imperdiet Institute,60654402457,135
Eget Dictum Placerat Incorporated,25545080719,135
Eleifend Nunc LLP,84226109829,133
Orci Luctus Inc.,65600957125,130
Odio Aliquam Foundation,84790489548,128
Turpis Incorporated,64196096120,127
Ut Pharetra Incorporated,75875494789,125
Nulla Semper LLP,19687751331,125
Tincidunt Aliquam Arcu Corp.,12031655138,124
Aliquet Phasellus Fermentum Corporation,88712190602,114
Penatibus Et Magnis Institute,93700243350,114
Eget Volutpat Ornare Institute,75239540583,113
Justo Corp.,43980535151,112
Bibendum Sed Associates,97443126375,110
Vel Turpis Consulting,90058450104,108
In Lorem LLP,69107197788,108
Amet Ultricies Sem Inc.,53378405666,105
Feugiat Nec Inc.,51423645458,100
Mauris Ut Mi Corporation,86269318582,98
Ipsum Dolor Corporation,93693693468,97
Nec Urna Industries,28175132063,94
Ligula Aenean Euismod Foundation,47342527664,93
Donec Fringilla Limited,73046248717,83
Aliquam Nisl Corp.,92007575783,80
Semper Et Lacinia Company,31029589578,74
In Nec Institute,81103556310,74
Tellus Faucibus Inc.,65741331791,72
Volutpat Ornare LLP,62711420968,69
Primis LLC,93977601095,66
Libero Morbi Company,56482885504,65
Ultrices Mauris PC,55878420190,65
Sed Nunc LLC,18355044772,57
A Felis Company,83878211395,55
Purus Incorporated,47436492987,53
Etiam Gravida Limited,91584444262,52
Eget Laoreet Consulting,71063445046,49
Sed Et Libero PC,10651113986,45
In Molestie Industries,93543412337,42
Placerat Associates,96568074533,42
Luctus Incorporated,70783350473,41
Justo Sit Incorporated,29745128769,39
Et Ultrices Posuere Associates,88299699256,36
Fringilla Ornare Placerat Incorporated,39473654822,36
Et Eros Limited,12133839110,36
Aliquam Gravida Corp.,69059526279,35
Aliquam Erat LLP,51253553943,35
Adipiscing Inc.,27573216953,33
Sed Est Nunc Institute,84355195068,32
At Iaculis Corporation,53747773889,28
Arcu Vestibulum PC,82825632196,28
Tempus Non Corp.,42950328371,28
Ante Ipsum LLC,32943566946,27
Quis Urna PC,68015860722,25
Eu Erat Corp.,54762063900,25
Lorem Sit Ltd,90938232295,23
Ut Nulla Associates,33765505000,22
Eleifend Incorporated,43308864284,22
Scelerisque Neque Sed Industries,34703763702,22
Accumsan Company,39906633476,21
Ut Tincidunt Ltd,70118030493,21
Morbi Neque Associates,88935026131,20
Ut Associates,60778762062,19
Ut Ipsum Incorporated,66236596240,19
Maecenas Libero Associates,96644709080,18
Et Lacinia Company,42657888176,17
Lectus Justo Eu Ltd,91201528612,16
Malesuada LLC,57798993346,15
Pretium Neque Morbi Company,45783462228,15
Cras Vehicula Aliquet Corp.,29681526553,15
Sem Pellentesque Ut Corp.,89249209432,13
Suspendisse Limited,68656010159,13
Porttitor Corp.,40361137142,12
Amet Faucibus Incorporated,38249941422,11
Blandit At Nisi PC,61569154734,9
Suspendisse Eleifend Consulting,34339412732,9
Duis LLP,13467303030,4
